bat_current,bat_status,bat_volt,load_current,load_status,load_volt,pv_current,pv_volt,ft,hour,minute
5.7,1,26.3,4.28,1,32.7,0.0,0.0,0,0,2
5.59,1,26.8,4.19,1,33.4,0.0,0.0,0,0,2
5.59,1,26.8,4.19,1,33.4,0.0,0.0,0,0,2
5.59,1,26.8,4.19,1,33.4,0.0,0.0,0,0,2
5.59,1,26.8,4.19,1,33.4,0.0,0.0,0,0,2
6.35,3,23.6,4.2,LOAD ON AC,33.3,0.0,9.3,1,0,5
0.0,2,12.2,2.85,1,34.0,0.0,0.0,0,0,10
2.63,1,13.0,2.63,1,13.0,0.0,0.0,0,0,12
0.0,2,13.0,4.28,1,14.9,0.0,0.0,0,0,12
5.7,1,26.3,4.28,1,32.7,0.0,0.0,0,0,14
5.59,1,26.8,4.18,1,33.5,0.0,0.0,0,0,15
5.59,1,26.8,4.18,1,33.5,0.0,0.0,0,0,15
5.59,1,26.8,4.18,1,33.5,0.0,0.0,0,0,15
5.59,1,26.8,4.18,1,33.5,0.0,0.0,0,0,15
6.41,3,23.4,4.22,LOAD ON AC,33.2,0.0,9.1,1,0,20
5.7,1,26.3,4.27,1,32.8,0.0,0.0,0,0,26
5.59,1,26.8,4.19,1,33.4,0.0,0.0,0,0,26
6.38,3,23.5,4.22,LOAD ON AC,33.2,0.0,9.1,1,0,35
0.0,2,14.1,3.0,1,13.5,0.0,0.0,0,0,35
5.68,1,26.4,4.28,1,32.7,0.0,0.0,0,0,38
5.59,1,26.8,4.18,1,33.5,0.0,0.0,0,0,38
5.59,1,26.8,4.18,1,33.5,0.0,0.0,0,0,38
2.64,1,13.0,2.64,1,13.0,0.0,0.0,0,0,42
0.0,2,13.3,3.0,1,13.1,0.0,0.0,0,0,43
6.41,3,23.4,4.22,LOAD ON AC,33.2,0.0,9.1,1,0,50
5.7,1,26.3,4.28,1,32.7,0.0,0.0,0,0,51
5.59,1,26.8,4.19,1,33.4,0.0,0.0,0,0,52
5.59,1,26.8,4.19,1,33.4,0.0,0.0,0,0,52
5.59,1,26.8,4.19,1,33.4,0.0,0.0,0,0,52
5.59,1,26.8,4.19,1,33.4,0.0,0.0,0,0,52
0.0,2,13.3,3.25,1,12.7,0.0,0.0,0,0,58
5.61,1,26.7,4.19,1,33.4,0.0,0.0,0,1,3
5.61,1,26.7,4.19,1,33.4,0.0,0.0,0,1,3
5.7,1,26.3,4.28,1,32.7,0.0,0.0,0,1,3
6.41,3,23.4,4.22,LOAD ON AC,33.2,0.0,9.2,1,1,6
0.0,2,13.2,3.31,1,29.4,0.0,0.0,0,1,13
0.0,2,13.2,3.31,1,29.4,0.0,0.0,0,1,13
2.65,1,12.9,2.65,1,12.9,0.0,0.0,0,1,13
5.61,1,26.7,4.19,1,33.4,0.0,0.0,0,1,15
5.72,1,26.2,4.28,1,32.7,0.0,0.0,0,1,15
5.61,1,26.7,4.19,1,33.4,0.0,0.0,0,1,15
5.61,1,26.7,4.19,1,33.4,0.0,0.0,0,1,15
6.35,3,23.6,4.22,LOAD ON AC,33.2,0.0,9.2,1,1,21
5.61,1,26.7,4.19,1,33.4,0.0,0.0,0,1,27
5.61,1,26.7,4.19,1,33.4,0.0,0.0,0,1,27
5.61,1,26.7,4.19,1,33.4,0.0,0.0,0,1,27
5.61,1,26.7,4.19,1,33.4,0.0,0.0,0,1,27
5.72,1,26.2,4.28,1,32.7,0.0,0.0,0,1,27
0.0,2,14.0,3.0,1,13.4,0.0,0.0,0,1,36
6.38,3,23.5,4.22,LOAD ON AC,33.2,0.0,9.0,1,1,36
5.63,1,26.6,4.19,1,33.4,0.0,0.0,0,1,39
5.72,1,26.2,4.28,1,32.7,0.0,0.0,0,1,39
0.0,2,13.3,3.0,1,13.1,0.0,0.0,0,1,44
2.65,1,12.9,2.65,1,12.9,0.0,0.0,0,1,44
0.0,2,14.0,2.6,1,15.8,0.0,0.0,0,1,48
5.74,1,26.1,4.28,1,32.7,0.0,0.0,0,1,51
5.63,1,26.6,4.19,1,33.4,0.0,0.0,0,1,51
5.63,1,26.6,4.19,1,33.4,0.0,0.0,0,1,51
5.63,1,26.6,4.19,1,33.4,0.0,0.0,0,1,51
5.63,1,26.6,4.19,1,33.4,0.0,0.0,0,1,51
6.38,3,23.5,4.22,LOAD ON AC,33.2,0.0,9.0,1,1,52
0.0,2,13.8,3.0,1,13.3,0.0,0.0,0,1,59
5.63,1,26.6,4.18,1,33.5,0.0,0.0,0,2,3
0.0,2,13.1,3.2,1,15.9,0.0,0.0,0,2,4
5.74,1,26.1,4.28,1,32.7,0.0,0.0,0,2,4
6.38,3,23.5,4.22,LOAD ON AC,33.2,0.0,9.1,1,2,7
0.0,2,13.6,3.0,1,16.9,0.0,0.0,0,2,12
2.64,1,12.9,2.64,1,12.9,0.0,0.0,0,2,15
5.61,1,26.7,4.18,1,33.5,0.0,0.0,0,2,15
5.74,1,26.1,4.28,1,32.7,0.0,0.0,0,2,16
5.61,1,26.7,4.18,1,33.5,0.0,0.0,0,2,17
5.61,1,26.7,4.18,1,33.5,0.0,0.0,0,2,17
6.41,3,23.4,4.23,LOAD ON AC,33.1,0.0,9.1,1,2,22
0.0,2,12.3,4.0,1,15.9,0.0,0.0,0,2,26
5.66,1,26.5,4.18,1,33.5,0.0,0.0,0,2,27
5.74,1,26.1,4.28,1,32.7,0.0,0.0,0,2,28
0.0,2,14.0,3.0,1,13.4,0.0,0.0,0,2,37
6.38,3,23.5,4.22,LOAD ON AC,33.2,0.0,9.1,1,2,37
5.66,1,26.5,4.19,1,33.4,0.0,0.0,0,2,39
5.74,1,26.1,4.28,1,32.7,0.0,0.0,0,2,40
0.0,2,13.2,3.0,1,13.2,0.0,0.0,0,2,45
2.65,1,12.9,2.65,1,12.9,0.0,0.0,0,2,46
5.74,1,26.1,4.28,1,32.7,0.0,0.0,0,2,52
6.38,3,23.5,4.2,LOAD ON AC,33.3,0.0,9.2,1,2,53
5.66,1,26.5,4.19,1,33.4,0.0,0.0,0,2,54
5.66,1,26.5,4.19,1,33.4,0.0,0.0,0,2,54
5.66,1,26.5,4.19,1,33.4,0.0,0.0,0,2,54
5.66,1,26.5,4.19,1,33.4,0.0,0.0,0,2,54
0.0,2,12.8,3.03,1,32.7,0.0,0.0,0,2,58
0.0,2,13.8,3.0,1,13.3,0.0,0.0,0,3,0
5.66,1,26.5,4.19,1,33.4,0.0,0.0,0,3,4
5.66,1,26.5,4.19,1,33.4,0.0,0.0,0,3,4
5.66,1,26.5,4.19,1,33.4,0.0,0.0,0,3,4
5.66,1,26.5,4.19,1,33.4,0.0,0.0,0,3,4
5.76,1,26.0,4.28,1,32.7,0.0,0.0,0,3,4
6.38,3,23.5,4.22,LOAD ON AC,33.2,0.0,9.2,1,3,8
5.66,1,26.5,4.19,1,33.4,0.0,0.0,0,3,16
5.66,1,26.5,4.19,1,33.4,0.0,0.0,0,3,16
5.66,1,26.5,4.19,1,33.4,0.0,0.0,0,3,16
5.76,1,26.0,4.27,1,32.8,0.0,0.0,0,3,17
2.65,1,12.9,2.65,1,12.9,0.0,0.0,0,3,17
0.0,2,12.6,4.28,1,14.5,0.0,0.0,0,3,22
6.38,3,23.5,4.22,LOAD ON AC,33.2,0.0,9.3,1,3,23
5.66,1,26.5,4.19,1,33.4,0.0,0.0,0,3,28
5.66,1,26.5,4.19,1,33.4,0.0,0.0,0,3,28
5.66,1,26.5,4.19,1,33.4,0.0,0.0,0,3,28
5.74,1,26.1,4.28,1,32.7,0.0,0.0,0,3,29
0.0,2,14.0,3.0,1,13.4,0.0,0.0,0,3,38
6.38,3,23.5,4.22,LOAD ON AC,33.2,0.0,9.2,1,3,38
5.66,1,26.5,4.19,1,33.4,0.0,0.0,0,3,40
5.66,1,26.5,4.19,1,33.4,0.0,0.0,0,3,40
5.66,1,26.5,4.19,1,33.4,0.0,0.0,0,3,40
5.74,1,26.1,4.28,1,32.7,0.0,0.0,0,3,41
0.0,2,13.2,3.0,1,13.1,0.0,0.0,0,3,45
0.0,2,13.2,3.75,1,16.3,0.0,0.0,0,3,47
2.65,1,12.9,2.65,1,12.9,0.0,0.0,0,3,47
0.0,2,12.9,2.93,1,33.8,0.0,0.0,0,3,50
5.66,1,26.5,4.2,1,33.3,0.0,0.0,0,3,52
5.66,1,26.5,4.2,1,33.3,0.0,0.0,0,3,52
5.76,1,26.0,4.28,1,32.7,0.0,0.0,0,3,53
6.38,3,23.5,4.2,LOAD ON AC,33.3,0.0,9.3,1,3,54
0.0,2,13.8,3.0,1,13.2,0.0,0.0,0,4,1
5.68,1,26.4,4.19,1,33.4,0.0,0.0,0,4,4
5.76,1,26.0,4.28,1,32.7,0.0,0.0,0,4,5
6.38,3,23.5,4.22,LOAD ON AC,33.2,0.0,9.1,1,4,9
5.68,1,26.4,4.19,1,33.4,0.0,0.0,0,4,16
5.74,1,26.1,4.28,1,32.7,0.0,0.0,0,4,17
2.65,1,12.9,2.65,1,12.9,0.0,0.0,0,4,18
6.38,3,23.5,4.24,LOAD ON AC,33.0,0.0,8.9,1,4,24
5.66,1,26.5,4.19,1,33.4,0.0,0.0,0,4,29
5.66,1,26.5,4.19,1,33.4,0.0,0.0,0,4,29
5.76,1,26.0,4.28,1,32.7,0.0,0.0,0,4,30
6.41,3,23.4,4.23,LOAD ON AC,33.1,0.0,9.1,1,4,39
5.66,1,26.5,4.19,1,33.4,0.0,0.0,0,4,41
5.74,1,26.1,4.3,1,32.6,0.0,0.0,0,4,42
2.66,1,12.9,2.66,1,12.9,0.0,0.0,0,4,49
5.66,1,26.5,4.19,1,33.4,0.0,0.0,0,4,53
5.66,1,26.5,4.19,1,33.4,0.0,0.0,0,4,53
5.76,1,26.0,4.28,1,32.7,0.0,0.0,0,4,54
6.38,3,23.5,4.22,LOAD ON AC,33.2,0.0,9.2,1,4,55
5.66,1,26.5,4.19,1,33.4,0.0,0.0,0,5,5
5.76,1,26.0,4.28,1,32.7,0.0,0.0,0,5,6
6.38,3,23.5,4.22,LOAD ON AC,33.2,0.0,9.2,1,5,10
5.66,1,26.5,4.19,1,33.4,0.0,0.0,0,5,17
5.66,1,26.5,4.19,1,33.4,0.0,0.0,0,5,18
5.66,1,26.5,4.19,1,33.4,0.0,0.0,0,5,18
5.76,1,26.0,4.28,1,32.7,0.0,0.0,0,5,18
2.65,1,12.8,2.65,1,12.8,0.0,0.0,0,5,20
6.38,3,23.5,4.22,LOAD ON AC,33.2,0.0,9.3,1,5,25
5.68,1,26.4,4.19,1,33.4,0.0,0.0,0,5,29
5.76,1,26.0,4.28,1,32.7,0.0,0.0,0,5,30
6.38,3,23.5,4.22,LOAD ON AC,33.2,0.0,9.7,1,5,40
6.38,3,23.5,4.23,LOAD ON AC,33.1,0.0,9.7,1,5,41
6.38,3,23.5,4.23,LOAD ON AC,33.1,0.0,9.8,1,5,41
5.68,1,26.4,4.19,1,33.4,0.0,5.9,0,5,41
5.76,1,26.0,4.3,1,32.6,0.0,7.1,0,5,43
11.51,0,14.0,2.56,0,0.0,2.7,34.8,0,7,59
6.48,0,14.0,5.13,0,25.8,13.18,63.3,0,8,32
0.0,0,12.1,4.1,1,12.1,1.0,16.4,0,8,56
0.0,0,11.6,4.34,1,11.6,2.3,16.3,0,9,26
